source_run	engine	label	measurement	elapsed_seconds	live_members	os_rss_kib
full-20260908T190700Z	redis-7.2.4	Redis 7.2.4	sample	0	0	9348
full-20260908T190700Z	redis-7.2.4	Redis 7.2.4	sample	301	1556134	152004
full-20260908T190700Z	redis-7.2.4	Redis 7.2.4	sample	602	2707108	266216
full-20260908T190700Z	redis-7.2.4	Redis 7.2.4	sample	903	3691175	349820
full-20260908T190700Z	redis-7.2.4	Redis 7.2.4	sample	1204	4660902	465000
full-20260908T190700Z	redis-7.2.4	Redis 7.2.4	sample	1505	5732272	556052
full-20260908T190700Z	redis-7.2.4	Redis 7.2.4	sample	1806	6677658	636412
full-20260908T190700Z	redis-7.2.4	Redis 7.2.4	sample	2107	7620929	716532
full-20260908T190700Z	redis-7.2.4	Redis 7.2.4	sample	2408	8588305	929808
full-20260908T190700Z	redis-7.2.4	Redis 7.2.4	sample	2709	9479120	940036
full-20260908T190700Z	redis-7.2.4	Redis 7.2.4	sample	3010	10475122	1024704
full-20260908T190700Z	redis-7.2.4	Redis 7.2.4	sample	3311	11478914	1110008
full-20260908T190700Z	redis-7.2.4	Redis 7.2.4	sample	3612	12519890	1198492
full-20260908T190700Z	redis-7.2.4	Redis 7.2.4	sample	3913	13560898	1286956
full-20260908T190700Z	redis-7.2.4	Redis 7.2.4	sample	4214	14655338	1380000
full-20260908T190700Z	redis-7.2.4	Redis 7.2.4	sample	4515	15677777	1466856
full-20260908T190700Z	redis-7.2.4	Redis 7.2.4	sample	4816	16601521	1545408
full-20260908T190700Z	redis-7.2.4	Redis 7.2.4	sample	5117	17483655	1751464
full-20260908T190700Z	redis-7.2.4	Redis 7.2.4	sample	5418	18432207	1832092
full-20260908T190700Z	redis-7.2.4	Redis 7.2.4	sample	5719	19316497	1907272
full-20260908T190700Z	redis-7.2.4	Redis 7.2.4	sample	6020	20178590	1980588
full-20260908T190700Z	redis-7.2.4	Redis 7.2.4	sample	6321	21063422	2055788
full-20260908T190700Z	redis-7.2.4	Redis 7.2.4	sample	6622	21869131	2124224
full-20260908T190700Z	redis-7.2.4	Redis 7.2.4	sample	6923	22695113	2194420
full-20260908T190700Z	redis-7.2.4	Redis 7.2.4	sample	7224	23517537	2264328
full-20260908T190700Z	redis-7.2.4	Redis 7.2.4	sample	7525	24375860	2337288
full-20260908T190700Z	redis-7.2.4	Redis 7.2.4	sample	7826	25181920	2405732
full-20260908T190700Z	redis-7.2.4	Redis 7.2.4	sample	8127	26078990	2481988
full-20260908T190700Z	redis-7.2.4	Redis 7.2.4	sample	8428	26977102	2558276
full-20260908T190700Z	redis-7.2.4	Redis 7.2.4	sample	8729	27948194	2640824
full-20260908T190700Z	redis-7.2.4	Redis 7.2.4	sample	9030	28738038	2708004
full-20260908T190700Z	redis-7.2.4	Redis 7.2.4	sample	9331	29535811	2775816
full-20260908T190700Z	redis-7.2.4	Redis 7.2.4	sample	9632	30339288	2844140
full-20260908T190700Z	redis-7.2.4	Redis 7.2.4	sample	9933	31174772	2915148
full-20260908T190700Z	redis-7.2.4	Redis 7.2.4	sample	10234	31980611	2983640
full-20260908T190700Z	redis-7.2.4	Redis 7.2.4	sample	10535	32885002	3060484
full-20260908T190700Z	redis-7.2.4	Redis 7.2.4	sample	10836	33676195	3469656
full-20260908T190700Z	redis-7.2.4	Redis 7.2.4	sample	11137	34419812	3715072
full-20260908T190700Z	redis-7.2.4	Redis 7.2.4	sample	11438	35187454	3518356
full-20260908T190700Z	redis-7.2.4	Redis 7.2.4	sample	11739	35853726	3574988
full-20260908T190700Z	redis-7.2.4	Redis 7.2.4	sample	12040	36617729	3639912
full-20260908T190700Z	redis-7.2.4	Redis 7.2.4	sample	12341	37471379	3712436
full-20260908T190700Z	redis-7.2.4	Redis 7.2.4	sample	12642	38307670	3783516
full-20260908T190700Z	redis-7.2.4	Redis 7.2.4	sample	12943	39126883	3853128
full-20260908T190700Z	redis-7.2.4	Redis 7.2.4	sample	13244	39969578	3924796
full-20260908T190700Z	redis-7.2.4	Redis 7.2.4	sample	13545	40766891	3992564
full-20260908T190700Z	redis-7.2.4	Redis 7.2.4	sample	13846	41719295	4073516
full-20260908T190700Z	redis-7.2.4	Redis 7.2.4	sample	14147	42742669	4160488
full-20260908T190700Z	redis-7.2.4	Redis 7.2.4	sample	14448	43772385	4248032
full-20260908T190700Z	redis-7.2.4	Redis 7.2.4	sample	14749	44552286	4314320
full-20260908T190700Z	redis-7.2.4	Redis 7.2.4	sample	15050	45478675	4393024
full-20260908T190700Z	redis-7.2.4	Redis 7.2.4	sample	15351	46281889	4461284
full-20260908T190700Z	redis-7.2.4	Redis 7.2.4	sample	15652	47213314	4540484
full-20260908T190700Z	redis-7.2.4	Redis 7.2.4	sample	15953	47974525	4605220
full-20260908T190700Z	redis-7.2.4	Redis 7.2.4	sample	16254	48784551	4674068
full-20260908T190700Z	redis-7.2.4	Redis 7.2.4	sample	16555	49526929	4737180
full-20260908T190700Z	redis-7.2.4	Redis 7.2.4	sample	16856	50278183	4801008
full-20260908T190700Z	redis-7.2.4	Redis 7.2.4	sample	17157	50989418	4861396
full-20260908T190700Z	redis-7.2.4	Redis 7.2.4	sample	17458	51701719	4921948
full-20260908T190700Z	redis-7.2.4	Redis 7.2.4	sample	17759	52528604	4992192
full-20260908T190700Z	redis-7.2.4	Redis 7.2.4	sample	18060	53178792	5047476
full-20260908T190700Z	redis-7.2.4	Redis 7.2.4	sample	18361	53864225	5105716
full-20260908T190700Z	redis-7.2.4	Redis 7.2.4	sample	18662	54595112	5167844
full-20260908T190700Z	redis-7.2.4	Redis 7.2.4	sample	18963	55329621	5230268
full-20260908T190700Z	redis-7.2.4	Redis 7.2.4	sample	19264	56077408	5293812
full-20260908T190700Z	redis-7.2.4	Redis 7.2.4	sample	19565	56858071	5360168
full-20260908T190700Z	redis-7.2.4	Redis 7.2.4	sample	19866	57569311	5420660
full-20260908T190700Z	redis-7.2.4	Redis 7.2.4	sample	20167	58254709	5478864
full-20260908T190700Z	redis-7.2.4	Redis 7.2.4	sample	20468	58896339	5533428
full-20260908T190700Z	redis-7.2.4	Redis 7.2.4	sample	20769	59550192	5589076
full-20260908T190700Z	redis-7.2.4	Redis 7.2.4	sample	21070	60219579	5645952
full-20260908T190700Z	redis-7.2.4	Redis 7.2.4	sample	21371	60859715	5700288
full-20260908T190700Z	redis-7.2.4	Redis 7.2.4	sample	21672	61515821	5756060
full-20260908T190700Z	redis-7.2.4	Redis 7.2.4	sample	21973	62350670	5826996
full-20260908T190700Z	redis-7.2.4	Redis 7.2.4	sample	22274	62953130	5878180
full-20260908T190700Z	redis-7.2.4	Redis 7.2.4	sample	22575	63629524	5935684
full-20260908T190700Z	redis-7.2.4	Redis 7.2.4	sample	22876	64325879	5994828
full-20260908T190700Z	redis-7.2.4	Redis 7.2.4	sample	23177	64954265	6048332
full-20260908T190700Z	redis-7.2.4	Redis 7.2.4	sample	23478	65553377	6099256
full-20260908T190700Z	redis-7.2.4	Redis 7.2.4	sample	23779	66145283	6149588
full-20260908T190700Z	redis-7.2.4	Redis 7.2.4	sample	24080	66727241	6199080
full-20260908T190700Z	redis-7.2.4	Redis 7.2.4	sample	24381	67265500	6776036
full-20260908T190700Z	redis-7.2.4	Redis 7.2.4	sample	24682	67797313	7295156
full-20260908T190700Z	redis-7.2.4	Redis 7.2.4	sample	24983	68332863	7381584
full-20260908T190700Z	redis-7.2.4	Redis 7.2.4	sample	25284	68809154	6900156
full-20260908T190700Z	redis-7.2.4	Redis 7.2.4	sample	25585	69320429	6943552
full-20260908T190700Z	redis-7.2.4	Redis 7.2.4	sample	25886	69858722	6989336
full-20260908T190700Z	redis-7.2.4	Redis 7.2.4	sample	26187	70457432	7040172
full-20260908T190700Z	redis-7.2.4	Redis 7.2.4	sample	26488	71083955	7093456
full-20260908T190700Z	redis-7.2.4	Redis 7.2.4	sample	26789	71595388	7136908
full-20260908T190700Z	redis-7.2.4	Redis 7.2.4	sample	27090	72115064	7181052
full-20260908T190700Z	redis-7.2.4	Redis 7.2.4	sample	27391	72600578	7222304
full-20260908T190700Z	redis-7.2.4	Redis 7.2.4	sample	27692	72845432	7243068
full-20260908T190700Z	redis-7.2.4	Redis 7.2.4	sample	27993	73289374	7280796
full-20260908T190700Z	redis-7.2.4	Redis 7.2.4	sample	28294	73865457	7329784
full-20260908T190700Z	redis-7.2.4	Redis 7.2.4	sample	28595	74282379	7365180
full-20260908T190700Z	redis-7.2.4	Redis 7.2.4	sample	28896	74796869	7408980
full-20260908T190700Z	redis-7.2.4	Redis 7.2.4	sample	29197	75223649	7445180
full-20260908T190700Z	redis-7.2.4	Redis 7.2.4	sample	29498	75685424	7484464
full-20260908T190700Z	redis-7.2.4	Redis 7.2.4	sample	29799	76245079	7531996
full-20260908T190700Z	redis-7.2.4	Redis 7.2.4	sample	30100	76804076	7579524
full-20260908T190700Z	redis-7.2.4	Redis 7.2.4	sample	30401	77396101	7629816
full-20260908T190700Z	redis-7.2.4	Redis 7.2.4	sample	30702	78126425	7691836
full-20260908T190700Z	redis-7.2.4	Redis 7.2.4	sample	31003	78771639	7746684
full-20260908T190700Z	redis-7.2.4	Redis 7.2.4	sample	31304	79471571	7806228
full-20260908T190700Z	redis-7.2.4	Redis 7.2.4	sample	31605	80072809	7857292
full-20260908T190700Z	redis-7.2.4	Redis 7.2.4	sample	31906	80750478	7914868
full-20260908T190700Z	redis-7.2.4	Redis 7.2.4	sample	31933	80798328	7918928
full-20260908T190700Z	redis-7.2.4	Redis 7.2.4	final	31933.268	80798328	7918940
full-20260908T190700Z	redis-8.8	Redis 8.8	sample	0	0	10524
full-20260908T190700Z	redis-8.8	Redis 8.8	sample	301	1549405	110556
full-20260908T190700Z	redis-8.8	Redis 8.8	sample	602	2717195	193928
full-20260908T190700Z	redis-8.8	Redis 8.8	sample	903	3734695	255724
full-20260908T190700Z	redis-8.8	Redis 8.8	sample	1204	4721773	345284
full-20260908T190700Z	redis-8.8	Redis 8.8	sample	1505	5819242	404708
full-20260908T190700Z	redis-8.8	Redis 8.8	sample	1806	6799751	465024
full-20260908T190700Z	redis-8.8	Redis 8.8	sample	2107	7785407	526472
full-20260908T190700Z	redis-8.8	Redis 8.8	sample	2408	8748738	649044
full-20260908T190700Z	redis-8.8	Redis 8.8	sample	2709	9720518	700504
full-20260908T190700Z	redis-8.8	Redis 8.8	sample	3010	10773947	756276
full-20260908T190700Z	redis-8.8	Redis 8.8	sample	3311	11831732	816436
full-20260908T190700Z	redis-8.8	Redis 8.8	sample	3612	12927777	883696
full-20260908T190700Z	redis-8.8	Redis 8.8	sample	3913	14087618	955508
full-20260908T190700Z	redis-8.8	Redis 8.8	sample	4214	15129759	1020472
full-20260908T190700Z	redis-8.8	Redis 8.8	sample	4515	16160847	1085164
full-20260908T190700Z	redis-8.8	Redis 8.8	sample	4816	17109754	1403740
full-20260908T190700Z	redis-8.8	Redis 8.8	sample	5117	18111236	1325696
full-20260908T190700Z	redis-8.8	Redis 8.8	sample	5418	19017609	1373704
full-20260908T190700Z	redis-8.8	Redis 8.8	sample	5719	19956544	1423420
full-20260908T190700Z	redis-8.8	Redis 8.8	sample	6020	20875934	1472112
full-20260908T190700Z	redis-8.8	Redis 8.8	sample	6321	21736073	1517660
full-20260908T190700Z	redis-8.8	Redis 8.8	sample	6622	22611853	1564044
full-20260908T190700Z	redis-8.8	Redis 8.8	sample	6923	23472601	1616356
full-20260908T190700Z	redis-8.8	Redis 8.8	sample	7224	24355588	1670368
full-20260908T190700Z	redis-8.8	Redis 8.8	sample	7525	25207923	1722704
full-20260908T190700Z	redis-8.8	Redis 8.8	sample	7826	26131814	1779584
full-20260908T190700Z	redis-8.8	Redis 8.8	sample	8127	27130728	1841320
full-20260908T190700Z	redis-8.8	Redis 8.8	sample	8428	28097238	1901256
full-20260908T190700Z	redis-8.8	Redis 8.8	sample	8729	28914736	1952100
full-20260908T190700Z	redis-8.8	Redis 8.8	sample	9030	29773493	2005648
full-20260908T190700Z	redis-8.8	Redis 8.8	sample	9331	30631027	2059260
full-20260908T190700Z	redis-8.8	Redis 8.8	sample	9632	31444937	2110300
full-20260908T190700Z	redis-8.8	Redis 8.8	sample	9933	32374900	2168768
full-20260908T190700Z	redis-8.8	Redis 8.8	sample	10234	33298382	2226968
full-20260908T190700Z	redis-8.8	Redis 8.8	sample	10535	34078823	2795200
full-20260908T190700Z	redis-8.8	Redis 8.8	sample	10836	34899183	2576488
full-20260908T190700Z	redis-8.8	Redis 8.8	sample	11137	35683298	2618016
full-20260908T190700Z	redis-8.8	Redis 8.8	sample	11438	36420153	2657048
full-20260908T190700Z	redis-8.8	Redis 8.8	sample	11739	37312117	2704304
full-20260908T190700Z	redis-8.8	Redis 8.8	sample	12040	38192859	2750936
full-20260908T190700Z	redis-8.8	Redis 8.8	sample	12341	39056582	2796672
full-20260908T190700Z	redis-8.8	Redis 8.8	sample	12642	39935431	2843220
full-20260908T190700Z	redis-8.8	Redis 8.8	sample	12943	40788921	2888424
full-20260908T190700Z	redis-8.8	Redis 8.8	sample	13244	41791813	2941532
full-20260908T190700Z	redis-8.8	Redis 8.8	sample	13545	43148498	3013388
full-20260908T190700Z	redis-8.8	Redis 8.8	sample	13846	43923456	3054416
full-20260908T190700Z	redis-8.8	Redis 8.8	sample	14147	44743590	3097856
full-20260908T190700Z	redis-8.8	Redis 8.8	sample	14448	45711346	3152568
full-20260908T190700Z	redis-8.8	Redis 8.8	sample	14749	46580325	3205568
full-20260908T190700Z	redis-8.8	Redis 8.8	sample	15050	47545835	3264568
full-20260908T190700Z	redis-8.8	Redis 8.8	sample	15351	48307840	3311192
full-20260908T190700Z	redis-8.8	Redis 8.8	sample	15652	49178938	3364596
full-20260908T190700Z	redis-8.8	Redis 8.8	sample	15953	49972436	3413308
full-20260908T190700Z	redis-8.8	Redis 8.8	sample	16254	50773640	3462564
full-20260908T190700Z	redis-8.8	Redis 8.8	sample	16555	51475307	3505760
full-20260908T190700Z	redis-8.8	Redis 8.8	sample	16856	52385209	3561864
full-20260908T190700Z	redis-8.8	Redis 8.8	sample	17157	53089546	3605356
full-20260908T190700Z	redis-8.8	Redis 8.8	sample	17458	53810297	3649912
full-20260908T190700Z	redis-8.8	Redis 8.8	sample	17759	54589577	3698140
full-20260908T190700Z	redis-8.8	Redis 8.8	sample	18060	55362254	3746036
full-20260908T190700Z	redis-8.8	Redis 8.8	sample	18361	56186668	3797232
full-20260908T190700Z	redis-8.8	Redis 8.8	sample	18662	56980893	3846584
full-20260908T190700Z	redis-8.8	Redis 8.8	sample	18963	57731222	3893304
full-20260908T190700Z	redis-8.8	Redis 8.8	sample	19264	58439449	3937416
full-20260908T190700Z	redis-8.8	Redis 8.8	sample	19565	59135792	3980876
full-20260908T190700Z	redis-8.8	Redis 8.8	sample	19866	59827127	4024060
full-20260908T190700Z	redis-8.8	Redis 8.8	sample	20167	60524393	4067648
full-20260908T190700Z	redis-8.8	Redis 8.8	sample	20468	61223708	4111420
full-20260908T190700Z	redis-8.8	Redis 8.8	sample	20769	62091412	4165792
full-20260908T190700Z	redis-8.8	Redis 8.8	sample	21070	62758633	4207672
full-20260908T190700Z	redis-8.8	Redis 8.8	sample	21371	63417725	4249052
full-20260908T190700Z	redis-8.8	Redis 8.8	sample	21672	64195816	4297984
full-20260908T190700Z	redis-8.8	Redis 8.8	sample	21973	64867496	4340240
full-20260908T190700Z	redis-8.8	Redis 8.8	sample	22274	65510589	4380752
full-20260908T190700Z	redis-8.8	Redis 8.8	sample	22575	66140967	4420472
full-20260908T190700Z	redis-8.8	Redis 8.8	sample	22876	66762589	4459728
full-20260908T190700Z	redis-8.8	Redis 8.8	sample	23177	67331584	5541992
full-20260908T190700Z	redis-8.8	Redis 8.8	sample	23478	67930275	5573680
full-20260908T190700Z	redis-8.8	Redis 8.8	sample	23779	68443752	5600876
full-20260908T190700Z	redis-8.8	Redis 8.8	sample	24080	68998158	5105944
full-20260908T190700Z	redis-8.8	Redis 8.8	sample	24381	69536474	5134460
full-20260908T190700Z	redis-8.8	Redis 8.8	sample	24682	70154866	5167220
full-20260908T190700Z	redis-8.8	Redis 8.8	sample	24983	70784386	5200560
full-20260908T190700Z	redis-8.8	Redis 8.8	sample	25284	71457450	5236188
full-20260908T190700Z	redis-8.8	Redis 8.8	sample	25585	72100019	5270220
full-20260908T190700Z	redis-8.8	Redis 8.8	sample	25886	72678857	5300868
full-20260908T190700Z	redis-8.8	Redis 8.8	sample	26187	73011061	5318444
full-20260908T190700Z	redis-8.8	Redis 8.8	sample	26488	73702028	5355064
full-20260908T190700Z	redis-8.8	Redis 8.8	sample	26789	74182829	5380532
full-20260908T190700Z	redis-8.8	Redis 8.8	sample	27090	74712185	5408572
full-20260908T190700Z	redis-8.8	Redis 8.8	sample	27391	75170558	5432840
full-20260908T190700Z	redis-8.8	Redis 8.8	sample	27692	75673176	5459472
full-20260908T190700Z	redis-8.8	Redis 8.8	sample	27993	76271162	5491152
full-20260908T190700Z	redis-8.8	Redis 8.8	sample	28294	76848563	5521744
full-20260908T190700Z	redis-8.8	Redis 8.8	sample	28595	77418852	5551956
full-20260908T190700Z	redis-8.8	Redis 8.8	sample	28896	78046348	5585192
full-20260908T190700Z	redis-8.8	Redis 8.8	sample	29197	78581208	5613524
full-20260908T190700Z	redis-8.8	Redis 8.8	sample	29498	79179007	5645180
full-20260908T190700Z	redis-8.8	Redis 8.8	sample	29799	79727433	5674224
full-20260908T190700Z	redis-8.8	Redis 8.8	sample	30100	80315602	5705380
full-20260908T190700Z	redis-8.8	Redis 8.8	sample	30341	80798328	5730936
full-20260908T190700Z	redis-8.8	Redis 8.8	final	30341.325	80798328	5730948
full-20260908T190700Z	valkey-9.1	Valkey 9.1	sample	0	0	10144
full-20260908T190700Z	valkey-9.1	Valkey 9.1	sample	301	1564819	113364
full-20260908T190700Z	valkey-9.1	Valkey 9.1	sample	602	2741522	193152
full-20260908T190700Z	valkey-9.1	Valkey 9.1	sample	903	3765433	287616
full-20260908T190700Z	valkey-9.1	Valkey 9.1	sample	1204	4769652	334052
full-20260908T190700Z	valkey-9.1	Valkey 9.1	sample	1505	5884528	400924
full-20260908T190700Z	valkey-9.1	Valkey 9.1	sample	1806	6871652	462440
full-20260908T190700Z	valkey-9.1	Valkey 9.1	sample	2107	7868560	579204
full-20260908T190700Z	valkey-9.1	Valkey 9.1	sample	2408	8837784	618792
full-20260908T190700Z	valkey-9.1	Valkey 9.1	sample	2709	9835177	675732
full-20260908T190700Z	valkey-9.1	Valkey 9.1	sample	3010	10888770	738500
full-20260908T190700Z	valkey-9.1	Valkey 9.1	sample	3311	11953134	803400
full-20260908T190700Z	valkey-9.1	Valkey 9.1	sample	3612	13070659	872840
full-20260908T190700Z	valkey-9.1	Valkey 9.1	sample	3913	14251467	947176
full-20260908T190700Z	valkey-9.1	Valkey 9.1	sample	4214	15294659	1130572
full-20260908T190700Z	valkey-9.1	Valkey 9.1	sample	4515	16327344	1172792
full-20260908T190700Z	valkey-9.1	Valkey 9.1	sample	4816	17289296	1212052
full-20260908T190700Z	valkey-9.1	Valkey 9.1	sample	5117	18294563	1261260
full-20260908T190700Z	valkey-9.1	Valkey 9.1	sample	5418	19236822	1316132
full-20260908T190700Z	valkey-9.1	Valkey 9.1	sample	5719	20159968	1370512
full-20260908T190700Z	valkey-9.1	Valkey 9.1	sample	6020	21110485	1427152
full-20260908T190700Z	valkey-9.1	Valkey 9.1	sample	6321	21962132	1478372
full-20260908T190700Z	valkey-9.1	Valkey 9.1	sample	6622	22827463	1530940
full-20260908T190700Z	valkey-9.1	Valkey 9.1	sample	6923	23729717	1586168
full-20260908T190700Z	valkey-9.1	Valkey 9.1	sample	7224	24635080	1642044
full-20260908T190700Z	valkey-9.1	Valkey 9.1	sample	7525	25479017	1694448
full-20260908T190700Z	valkey-9.1	Valkey 9.1	sample	7826	26459130	1755708
full-20260908T190700Z	valkey-9.1	Valkey 9.1	sample	8127	27488860	1820456
full-20260908T190700Z	valkey-9.1	Valkey 9.1	sample	8428	28412485	1878784
full-20260908T190700Z	valkey-9.1	Valkey 9.1	sample	8729	29241161	1931304
full-20260908T190700Z	valkey-9.1	Valkey 9.1	sample	9030	30107670	2231540
full-20260908T190700Z	valkey-9.1	Valkey 9.1	sample	9331	30990374	2267640
full-20260908T190700Z	valkey-9.1	Valkey 9.1	sample	9632	31842474	2302432
full-20260908T190700Z	valkey-9.1	Valkey 9.1	sample	9933	32810897	2342012
full-20260908T190700Z	valkey-9.1	Valkey 9.1	sample	10234	33671721	2377188
full-20260908T190700Z	valkey-9.1	Valkey 9.1	sample	10535	34495007	2410800
full-20260908T190700Z	valkey-9.1	Valkey 9.1	sample	10836	35314636	2444292
full-20260908T190700Z	valkey-9.1	Valkey 9.1	sample	11137	36031415	2480544
full-20260908T190700Z	valkey-9.1	Valkey 9.1	sample	11438	36892058	2530360
full-20260908T190700Z	valkey-9.1	Valkey 9.1	sample	11739	37779912	2581996
full-20260908T190700Z	valkey-9.1	Valkey 9.1	sample	12040	38653119	2633072
full-20260908T190700Z	valkey-9.1	Valkey 9.1	sample	12341	39527854	2684528
full-20260908T190700Z	valkey-9.1	Valkey 9.1	sample	12642	40412084	2736800
full-20260908T190700Z	valkey-9.1	Valkey 9.1	sample	12943	41339380	2791928
full-20260908T190700Z	valkey-9.1	Valkey 9.1	sample	13244	42376691	2853864
full-20260908T190700Z	valkey-9.1	Valkey 9.1	sample	13545	43575232	2925916
full-20260908T190700Z	valkey-9.1	Valkey 9.1	sample	13846	44414332	2976640
full-20260908T190700Z	valkey-9.1	Valkey 9.1	sample	14147	45387906	3035776
full-20260908T190700Z	valkey-9.1	Valkey 9.1	sample	14448	46236033	3087536
full-20260908T190700Z	valkey-9.1	Valkey 9.1	sample	14749	47230898	3148492
full-20260908T190700Z	valkey-9.1	Valkey 9.1	sample	15050	48038539	3198196
full-20260908T190700Z	valkey-9.1	Valkey 9.1	sample	15351	48921555	3252752
full-20260908T190700Z	valkey-9.1	Valkey 9.1	sample	15652	49684424	3300032
full-20260908T190700Z	valkey-9.1	Valkey 9.1	sample	15953	50514000	3351552
full-20260908T190700Z	valkey-9.1	Valkey 9.1	sample	16254	51234331	3396452
full-20260908T190700Z	valkey-9.1	Valkey 9.1	sample	16555	52109789	3451148
full-20260908T190700Z	valkey-9.1	Valkey 9.1	sample	16856	52872848	3498980
full-20260908T190700Z	valkey-9.1	Valkey 9.1	sample	17157	53604746	3544884
full-20260908T190700Z	valkey-9.1	Valkey 9.1	sample	17458	54378756	3593576
full-20260908T190700Z	valkey-9.1	Valkey 9.1	sample	17759	55128814	3640800
full-20260908T190700Z	valkey-9.1	Valkey 9.1	sample	18060	55960567	3693288
full-20260908T190700Z	valkey-9.1	Valkey 9.1	sample	18361	56778000	3744956
full-20260908T190700Z	valkey-9.1	Valkey 9.1	sample	18662	57559477	3794448
full-20260908T190700Z	valkey-9.1	Valkey 9.1	sample	18963	58288194	3840672
full-20260908T190700Z	valkey-9.1	Valkey 9.1	sample	19264	58961117	4440436
full-20260908T190700Z	valkey-9.1	Valkey 9.1	sample	19565	59650163	4430420
full-20260908T190700Z	valkey-9.1	Valkey 9.1	sample	19866	60383609	4460360
full-20260908T190700Z	valkey-9.1	Valkey 9.1	sample	20167	61080210	4488828
full-20260908T190700Z	valkey-9.1	Valkey 9.1	sample	20468	61914919	4522932
full-20260908T190700Z	valkey-9.1	Valkey 9.1	sample	20769	62655227	4553172
full-20260908T190700Z	valkey-9.1	Valkey 9.1	sample	21070	63313442	4580064
full-20260908T190700Z	valkey-9.1	Valkey 9.1	sample	21371	64103224	4612372
full-20260908T190700Z	valkey-9.1	Valkey 9.1	sample	21672	64780415	4640024
full-20260908T190700Z	valkey-9.1	Valkey 9.1	sample	21973	65450828	4667432
full-20260908T190700Z	valkey-9.1	Valkey 9.1	sample	22274	66087823	4693480
full-20260908T190700Z	valkey-9.1	Valkey 9.1	sample	22575	66714941	4719088
full-20260908T190700Z	valkey-9.1	Valkey 9.1	sample	22876	67300574	4743028
full-20260908T190700Z	valkey-9.1	Valkey 9.1	sample	23177	67917331	4768240
full-20260908T190700Z	valkey-9.1	Valkey 9.1	sample	23478	68454579	4790168
full-20260908T190700Z	valkey-9.1	Valkey 9.1	sample	23779	69017895	4813172
full-20260908T190700Z	valkey-9.1	Valkey 9.1	sample	24080	69567552	4835624
full-20260908T190700Z	valkey-9.1	Valkey 9.1	sample	24381	70195901	4861316
full-20260908T190700Z	valkey-9.1	Valkey 9.1	sample	24682	70828032	4887128
full-20260908T190700Z	valkey-9.1	Valkey 9.1	sample	24983	71509456	4919552
full-20260908T190700Z	valkey-9.1	Valkey 9.1	sample	25284	72171775	4957752
full-20260908T190700Z	valkey-9.1	Valkey 9.1	sample	25585	72717421	4989288
full-20260908T190700Z	valkey-9.1	Valkey 9.1	sample	25886	73091969	5010940
full-20260908T190700Z	valkey-9.1	Valkey 9.1	sample	26187	73790146	5051376
full-20260908T190700Z	valkey-9.1	Valkey 9.1	sample	26488	74331654	5082816
full-20260908T190700Z	valkey-9.1	Valkey 9.1	sample	26789	74870908	5114180
full-20260908T190700Z	valkey-9.1	Valkey 9.1	sample	27090	75322401	5140464
full-20260908T190700Z	valkey-9.1	Valkey 9.1	sample	27391	75857176	5171660
full-20260908T190700Z	valkey-9.1	Valkey 9.1	sample	27692	76436468	5205540
full-20260908T190700Z	valkey-9.1	Valkey 9.1	sample	27993	77007478	5238972
full-20260908T190700Z	valkey-9.1	Valkey 9.1	sample	28294	77647617	5276524
full-20260908T190700Z	valkey-9.1	Valkey 9.1	sample	28595	78222712	5310320
full-20260908T190700Z	valkey-9.1	Valkey 9.1	sample	28896	78777905	5343020
full-20260908T190700Z	valkey-9.1	Valkey 9.1	sample	29197	79382333	5378640
full-20260908T190700Z	valkey-9.1	Valkey 9.1	sample	29498	79918200	5410316
full-20260908T190700Z	valkey-9.1	Valkey 9.1	sample	29799	80493055	5444312
full-20260908T190700Z	valkey-9.1	Valkey 9.1	sample	29960	80798328	5462404
full-20260908T190700Z	valkey-9.1	Valkey 9.1	final	29960.068	80798328	5462416
full-20260908T190700Z	dragonfly	Dragonfly	sample	0	0	22404
full-20260908T190700Z	dragonfly	Dragonfly	sample	301	1604598	102828
full-20260908T190700Z	dragonfly	Dragonfly	sample	602	2822186	175020
full-20260908T190700Z	dragonfly	Dragonfly	sample	903	3913152	226780
full-20260908T190700Z	dragonfly	Dragonfly	sample	1204	5010220	310804
full-20260908T190700Z	dragonfly	Dragonfly	sample	1505	6140294	362012
full-20260908T190700Z	dragonfly	Dragonfly	sample	1806	7195399	412500
full-20260908T190700Z	dragonfly	Dragonfly	sample	2107	8288608	466792
full-20260908T190700Z	dragonfly	Dragonfly	sample	2408	9315361	576196
full-20260908T190700Z	dragonfly	Dragonfly	sample	2709	10421439	623844
full-20260908T190700Z	dragonfly	Dragonfly	sample	3010	11570023	676284
full-20260908T190700Z	dragonfly	Dragonfly	sample	3311	12763873	730840
full-20260908T190700Z	dragonfly	Dragonfly	sample	3612	14040740	791752
full-20260908T190700Z	dragonfly	Dragonfly	sample	3913	15162397	846420
full-20260908T190700Z	dragonfly	Dragonfly	sample	4214	16287869	902328
full-20260908T190700Z	dragonfly	Dragonfly	sample	4515	17324209	1081348
full-20260908T190700Z	dragonfly	Dragonfly	sample	4816	18403269	1126212
full-20260908T190700Z	dragonfly	Dragonfly	sample	5117	19434371	1168904
full-20260908T190700Z	dragonfly	Dragonfly	sample	5418	20440369	1212716
full-20260908T190700Z	dragonfly	Dragonfly	sample	5719	21445350	1257000
full-20260908T190700Z	dragonfly	Dragonfly	sample	6020	22395736	1301056
full-20260908T190700Z	dragonfly	Dragonfly	sample	6321	23358839	1345444
full-20260908T190700Z	dragonfly	Dragonfly	sample	6622	24348423	1392548
full-20260908T190700Z	dragonfly	Dragonfly	sample	6923	25292300	1437604
full-20260908T190700Z	dragonfly	Dragonfly	sample	7224	26342218	1486756
full-20260908T190700Z	dragonfly	Dragonfly	sample	7525	27474350	1540004
full-20260908T190700Z	dragonfly	Dragonfly	sample	7826	28481048	1589156
full-20260908T190700Z	dragonfly	Dragonfly	sample	8127	29407170	1634212
full-20260908T190700Z	dragonfly	Dragonfly	sample	8428	30361159	1681316
full-20260908T190700Z	dragonfly	Dragonfly	sample	8729	31307345	1728420
full-20260908T190700Z	dragonfly	Dragonfly	sample	9030	32320578	1779620
full-20260908T190700Z	dragonfly	Dragonfly	sample	9331	33337353	1830820
full-20260908T190700Z	dragonfly	Dragonfly	sample	9632	34240758	2133924
full-20260908T190700Z	dragonfly	Dragonfly	sample	9933	35161311	2172836
full-20260908T190700Z	dragonfly	Dragonfly	sample	10234	35951895	2207652
full-20260908T190700Z	dragonfly	Dragonfly	sample	10535	36883621	2248612
full-20260908T190700Z	dragonfly	Dragonfly	sample	10836	37864247	2289572
full-20260908T190700Z	dragonfly	Dragonfly	sample	11137	38846512	2332580
full-20260908T190700Z	dragonfly	Dragonfly	sample	11438	39823167	2375588
full-20260908T190700Z	dragonfly	Dragonfly	sample	11739	40806799	2416548
full-20260908T190700Z	dragonfly	Dragonfly	sample	12040	41928614	2465700
full-20260908T190700Z	dragonfly	Dragonfly	sample	12341	43364681	2527140
full-20260908T190700Z	dragonfly	Dragonfly	sample	12642	44206802	2566052
full-20260908T190700Z	dragonfly	Dragonfly	sample	12943	45286602	2614756
full-20260908T190700Z	dragonfly	Dragonfly	sample	13244	46225805	2658212
full-20260908T190700Z	dragonfly	Dragonfly	sample	13545	47328906	2707364
full-20260908T190700Z	dragonfly	Dragonfly	sample	13846	48215682	2748324
full-20260908T190700Z	dragonfly	Dragonfly	sample	14147	49193859	2795428
full-20260908T190700Z	dragonfly	Dragonfly	sample	14448	50091306	2836388
full-20260908T190700Z	dragonfly	Dragonfly	sample	14749	50970507	2877348
full-20260908T190700Z	dragonfly	Dragonfly	sample	15050	51885568	2920356
full-20260908T190700Z	dragonfly	Dragonfly	sample	15351	52789671	2963364
full-20260908T190700Z	dragonfly	Dragonfly	sample	15652	53598201	3002276
full-20260908T190700Z	dragonfly	Dragonfly	sample	15953	54480250	3045284
full-20260908T190700Z	dragonfly	Dragonfly	sample	16254	55358445	3088292
full-20260908T190700Z	dragonfly	Dragonfly	sample	16555	56291321	3131300
full-20260908T190700Z	dragonfly	Dragonfly	sample	16856	57180572	3174308
full-20260908T190700Z	dragonfly	Dragonfly	sample	17157	58039785	3215268
full-20260908T190700Z	dragonfly	Dragonfly	sample	17458	58796677	3252132
full-20260908T190700Z	dragonfly	Dragonfly	sample	17759	59595195	3291044
full-20260908T190700Z	dragonfly	Dragonfly	sample	18060	60411694	3332004
full-20260908T190700Z	dragonfly	Dragonfly	sample	18361	61207689	3370916
full-20260908T190700Z	dragonfly	Dragonfly	sample	18662	62176559	3418020
full-20260908T190700Z	dragonfly	Dragonfly	sample	18963	62925898	3456932
full-20260908T190700Z	dragonfly	Dragonfly	sample	19264	63777108	3497892
full-20260908T190700Z	dragonfly	Dragonfly	sample	19565	64571874	3538852
full-20260908T190700Z	dragonfly	Dragonfly	sample	19866	65348892	3577764
full-20260908T190700Z	dragonfly	Dragonfly	sample	20167	66074599	3610532
full-20260908T190700Z	dragonfly	Dragonfly	sample	20468	66812252	3647396
full-20260908T190700Z	dragonfly	Dragonfly	sample	20769	67447694	4196292
full-20260908T190700Z	dragonfly	Dragonfly	sample	21070	68169659	4227012
full-20260908T190700Z	dragonfly	Dragonfly	sample	21371	68757379	4247492
full-20260908T190700Z	dragonfly	Dragonfly	sample	21672	69382436	4265924
full-20260908T190700Z	dragonfly	Dragonfly	sample	21973	70072304	4288452
full-20260908T190700Z	dragonfly	Dragonfly	sample	22274	70786498	4319172
full-20260908T190700Z	dragonfly	Dragonfly	sample	22575	71544327	4351940
full-20260908T190700Z	dragonfly	Dragonfly	sample	22876	72305369	4384708
full-20260908T190700Z	dragonfly	Dragonfly	sample	23177	72801377	4405188
full-20260908T190700Z	dragonfly	Dragonfly	sample	23478	73402372	4431812
full-20260908T190700Z	dragonfly	Dragonfly	sample	23779	74112570	4460484
full-20260908T190700Z	dragonfly	Dragonfly	sample	24080	74796449	4487108
full-20260908T190700Z	dragonfly	Dragonfly	sample	24381	75420800	4515780
full-20260908T190700Z	dragonfly	Dragonfly	sample	24682	76155352	4548548
full-20260908T190700Z	dragonfly	Dragonfly	sample	24983	76893620	4581316
full-20260908T190700Z	dragonfly	Dragonfly	sample	25284	77697532	4616132
full-20260908T190700Z	dragonfly	Dragonfly	sample	25585	78425103	4648900
full-20260908T190700Z	dragonfly	Dragonfly	sample	25886	79179574	4679620
full-20260908T190700Z	dragonfly	Dragonfly	sample	26187	79893926	4710340
full-20260908T190700Z	dragonfly	Dragonfly	sample	26488	80650979	4745156
full-20260908T190700Z	dragonfly	Dragonfly	sample	26553	80798328	4751300
full-20260908T190700Z	dragonfly	Dragonfly	final	26553.591	80798328	4751300
full-20260908T190700Z	goblin-standard	Goblin standard	sample	0	0	24960
full-20260908T190700Z	goblin-standard	Goblin standard	sample	301	1600620	93100
full-20260908T190700Z	goblin-standard	Goblin standard	sample	602	2817701	147640
full-20260908T190700Z	goblin-standard	Goblin standard	sample	903	3899388	178868
full-20260908T190700Z	goblin-standard	Goblin standard	sample	1204	4981025	247412
full-20260908T190700Z	goblin-standard	Goblin standard	sample	1505	6120505	278876
full-20260908T190700Z	goblin-standard	Goblin standard	sample	1806	7177968	309536
full-20260908T190700Z	goblin-standard	Goblin standard	sample	2107	8263985	342184
full-20260908T190700Z	goblin-standard	Goblin standard	sample	2408	9287462	467860
full-20260908T190700Z	goblin-standard	Goblin standard	sample	2709	10385533	479608
full-20260908T190700Z	goblin-standard	Goblin standard	sample	3010	11507262	516636
full-20260908T190700Z	goblin-standard	Goblin standard	sample	3311	12694214	541408
full-20260908T190700Z	goblin-standard	Goblin standard	sample	3612	13944696	584016
full-20260908T190700Z	goblin-standard	Goblin standard	sample	3913	15064941	609404
full-20260908T190700Z	goblin-standard	Goblin standard	sample	4214	16177785	650080
full-20260908T190700Z	goblin-standard	Goblin standard	sample	4515	17225166	836852
full-20260908T190700Z	goblin-standard	Goblin standard	sample	4816	18280105	893184
full-20260908T190700Z	goblin-standard	Goblin standard	sample	5117	19292922	900904
full-20260908T190700Z	goblin-standard	Goblin standard	sample	5418	20280565	920800
full-20260908T190700Z	goblin-standard	Goblin standard	sample	5719	21287991	946636
full-20260908T190700Z	goblin-standard	Goblin standard	sample	6020	22223506	999532
full-20260908T190700Z	goblin-standard	Goblin standard	sample	6321	23149859	1014856
full-20260908T190700Z	goblin-standard	Goblin standard	sample	6622	24121376	1038336
full-20260908T190700Z	goblin-standard	Goblin standard	sample	6923	25068798	1063248
full-20260908T190700Z	goblin-standard	Goblin standard	sample	7224	26059319	1128976
full-20260908T190700Z	goblin-standard	Goblin standard	sample	7525	27131500	1138672
full-20260908T190700Z	goblin-standard	Goblin standard	sample	7826	28173028	1164528
full-20260908T190700Z	goblin-standard	Goblin standard	sample	8127	29057380	1187120
full-20260908T190700Z	goblin-standard	Goblin standard	sample	8428	30003497	1210376
full-20260908T190700Z	goblin-standard	Goblin standard	sample	8729	30942769	1282660
full-20260908T190700Z	goblin-standard	Goblin standard	sample	9030	31867512	1289940
full-20260908T190700Z	goblin-standard	Goblin standard	sample	9331	32899893	1310880
full-20260908T190700Z	goblin-standard	Goblin standard	sample	9632	33815321	1661176
full-20260908T190700Z	goblin-standard	Goblin standard	sample	9933	34695555	1682644
full-20260908T190700Z	goblin-standard	Goblin standard	sample	10234	35582661	1704144
full-20260908T190700Z	goblin-standard	Goblin standard	sample	10535	36348238	1758200
full-20260908T190700Z	goblin-standard	Goblin standard	sample	10836	37319878	1782128
full-20260908T190700Z	goblin-standard	Goblin standard	sample	11137	38292946	1810096
full-20260908T190700Z	goblin-standard	Goblin standard	sample	11438	39249841	1833508
full-20260908T190700Z	goblin-standard	Goblin standard	sample	11739	40211857	1857228
full-20260908T190700Z	goblin-standard	Goblin standard	sample	12040	41198167	1881984
full-20260908T190700Z	goblin-standard	Goblin standard	sample	12341	42327972	1909376
full-20260908T190700Z	goblin-standard	Goblin standard	sample	12642	43576902	1977536
full-20260908T190700Z	goblin-standard	Goblin standard	sample	12943	44490630	1999288
full-20260908T190700Z	goblin-standard	Goblin standard	sample	13244	45539553	2023636
full-20260908T190700Z	goblin-standard	Goblin standard	sample	13545	46492398	2045932
full-20260908T190700Z	goblin-standard	Goblin standard	sample	13846	47546187	2065844
full-20260908T190700Z	goblin-standard	Goblin standard	sample	14147	48397517	2085268
full-20260908T190700Z	goblin-standard	Goblin standard	sample	14448	49345222	2106908
full-20260908T190700Z	goblin-standard	Goblin standard	sample	14749	50229561	2124312
full-20260908T190700Z	goblin-standard	Goblin standard	sample	15050	51065732	2143760
full-20260908T190700Z	goblin-standard	Goblin standard	sample	15351	51954740	2213116
full-20260908T190700Z	goblin-standard	Goblin standard	sample	15652	52814053	2232660
full-20260908T190700Z	goblin-standard	Goblin standard	sample	15953	53602149	2251424
full-20260908T190700Z	goblin-standard	Goblin standard	sample	16254	54441261	2270972
full-20260908T190700Z	goblin-standard	Goblin standard	sample	16555	55315757	2291492
full-20260908T190700Z	goblin-standard	Goblin standard	sample	16856	56222732	2311708
full-20260908T190700Z	goblin-standard	Goblin standard	sample	17157	57100020	2331448
full-20260908T190700Z	goblin-standard	Goblin standard	sample	17458	57941774	2349500
full-20260908T190700Z	goblin-standard	Goblin standard	sample	17759	58710759	2367644
full-20260908T190700Z	goblin-standard	Goblin standard	sample	18060	59484853	2385896
full-20260908T190700Z	goblin-standard	Goblin standard	sample	18361	60268627	2403760
full-20260908T190700Z	goblin-standard	Goblin standard	sample	18662	61005141	2477768
full-20260908T190700Z	goblin-standard	Goblin standard	sample	18963	61917602	2499148
full-20260908T190700Z	goblin-standard	Goblin standard	sample	19264	62720971	2518880
full-20260908T190700Z	goblin-standard	Goblin standard	sample	19565	63455808	2536108
full-20260908T190700Z	goblin-standard	Goblin standard	sample	19866	64313780	2556844
full-20260908T190700Z	goblin-standard	Goblin standard	sample	20167	65092566	2574732
full-20260908T190700Z	goblin-standard	Goblin standard	sample	20468	65750607	2584096
full-20260908T190700Z	goblin-standard	Goblin standard	sample	20769	66486370	2592996
full-20260908T190700Z	goblin-standard	Goblin standard	sample	21070	67163446	3256476
full-20260908T190700Z	goblin-standard	Goblin standard	sample	21371	67809190	3264560
full-20260908T190700Z	goblin-standard	Goblin standard	sample	21672	68431819	3273992
full-20260908T190700Z	goblin-standard	Goblin standard	sample	21973	69044963	3281072
full-20260908T190700Z	goblin-standard	Goblin standard	sample	22274	69643432	3288440
full-20260908T190700Z	goblin-standard	Goblin standard	sample	22575	70358770	3301268
full-20260908T190700Z	goblin-standard	Goblin standard	sample	22876	71097150	3314592
full-20260908T190700Z	goblin-standard	Goblin standard	sample	23177	71794996	3330904
full-20260908T190700Z	goblin-standard	Goblin standard	sample	23478	72491985	3417204
full-20260908T190700Z	goblin-standard	Goblin standard	sample	23779	72883744	3433560
full-20260908T190700Z	goblin-standard	Goblin standard	sample	24080	73577085	3448124
full-20260908T190700Z	goblin-standard	Goblin standard	sample	24381	74204032	3459484
full-20260908T190700Z	goblin-standard	Goblin standard	sample	24682	74888138	3473904
full-20260908T190700Z	goblin-standard	Goblin standard	sample	24983	75508891	3488976
full-20260908T190700Z	goblin-standard	Goblin standard	sample	25284	76209329	3503668
full-20260908T190700Z	goblin-standard	Goblin standard	sample	25585	76931535	3523636
full-20260908T190700Z	goblin-standard	Goblin standard	sample	25886	77716980	3545264
full-20260908T190700Z	goblin-standard	Goblin standard	sample	26187	78420926	3566132
full-20260908T190700Z	goblin-standard	Goblin standard	sample	26488	79155999	3584580
full-20260908T190700Z	goblin-standard	Goblin standard	sample	26789	79784533	3600632
full-20260908T190700Z	goblin-standard	Goblin standard	sample	27090	80413064	3617484
full-20260908T190700Z	goblin-standard	Goblin standard	sample	27274	80798328	3627396
full-20260908T190700Z	goblin-standard	Goblin standard	final	27274.565	80798328	3627396
full-20260908T190700Z	goblin-packed-int32-float32	Goblin packed (earlier)	sample	0	0	24960
full-20260908T190700Z	goblin-packed-int32-float32	Goblin packed (earlier)	sample	301	1612200	71692
full-20260908T190700Z	goblin-packed-int32-float32	Goblin packed (earlier)	sample	602	2841929	105540
full-20260908T190700Z	goblin-packed-int32-float32	Goblin packed (earlier)	sample	903	3932083	138088
full-20260908T190700Z	goblin-packed-int32-float32	Goblin packed (earlier)	sample	1204	5054073	171696
full-20260908T190700Z	goblin-packed-int32-float32	Goblin packed (earlier)	sample	1505	6187265	205492
full-20260908T190700Z	goblin-packed-int32-float32	Goblin packed (earlier)	sample	1806	7268676	245104
full-20260908T190700Z	goblin-packed-int32-float32	Goblin packed (earlier)	sample	2107	8381182	269136
full-20260908T190700Z	goblin-packed-int32-float32	Goblin packed (earlier)	sample	2408	9427766	302788
full-20260908T190700Z	goblin-packed-int32-float32	Goblin packed (earlier)	sample	2709	10575904	321080
full-20260908T190700Z	goblin-packed-int32-float32	Goblin packed (earlier)	sample	3010	11743623	369612
full-20260908T190700Z	goblin-packed-int32-float32	Goblin packed (earlier)	sample	3311	12973401	384640
full-20260908T190700Z	goblin-packed-int32-float32	Goblin packed (earlier)	sample	3612	14262032	451892
full-20260908T190700Z	goblin-packed-int32-float32	Goblin packed (earlier)	sample	3913	15435174	460456
full-20260908T190700Z	goblin-packed-int32-float32	Goblin packed (earlier)	sample	4214	16568876	476816
full-20260908T190700Z	goblin-packed-int32-float32	Goblin packed (earlier)	sample	4515	17651847	510060
full-20260908T190700Z	goblin-packed-int32-float32	Goblin packed (earlier)	sample	4816	18734114	572796
full-20260908T190700Z	goblin-packed-int32-float32	Goblin packed (earlier)	sample	5117	19788306	576448
full-20260908T190700Z	goblin-packed-int32-float32	Goblin packed (earlier)	sample	5418	20833125	596588
full-20260908T190700Z	goblin-packed-int32-float32	Goblin packed (earlier)	sample	5719	21815856	613764
full-20260908T190700Z	goblin-packed-int32-float32	Goblin packed (earlier)	sample	6020	22786237	697184
full-20260908T190700Z	goblin-packed-int32-float32	Goblin packed (earlier)	sample	6321	23804445	710444
full-20260908T190700Z	goblin-packed-int32-float32	Goblin packed (earlier)	sample	6622	24828420	720524
full-20260908T190700Z	goblin-packed-int32-float32	Goblin packed (earlier)	sample	6923	25869342	740612
full-20260908T190700Z	goblin-packed-int32-float32	Goblin packed (earlier)	sample	7224	26924530	761876
full-20260908T190700Z	goblin-packed-int32-float32	Goblin packed (earlier)	sample	7525	28082782	778040
full-20260908T190700Z	goblin-packed-int32-float32	Goblin packed (earlier)	sample	7826	29025818	882640
full-20260908T190700Z	goblin-packed-int32-float32	Goblin packed (earlier)	sample	8127	30026880	883680
full-20260908T190700Z	goblin-packed-int32-float32	Goblin packed (earlier)	sample	8428	31014028	901700
full-20260908T190700Z	goblin-packed-int32-float32	Goblin packed (earlier)	sample	8729	32003149	920352
full-20260908T190700Z	goblin-packed-int32-float32	Goblin packed (earlier)	sample	9030	33090724	940152
full-20260908T190700Z	goblin-packed-int32-float32	Goblin packed (earlier)	sample	9331	34025321	986064
full-20260908T190700Z	goblin-packed-int32-float32	Goblin packed (earlier)	sample	9632	34978352	986724
full-20260908T190700Z	goblin-packed-int32-float32	Goblin packed (earlier)	sample	9933	35839341	1087992
full-20260908T190700Z	goblin-packed-int32-float32	Goblin packed (earlier)	sample	10234	36771670	1109492
full-20260908T190700Z	goblin-packed-int32-float32	Goblin packed (earlier)	sample	10535	37818420	1124648
full-20260908T190700Z	goblin-packed-int32-float32	Goblin packed (earlier)	sample	10836	38831097	1139760
full-20260908T190700Z	goblin-packed-int32-float32	Goblin packed (earlier)	sample	11137	39847073	1163480
full-20260908T190700Z	goblin-packed-int32-float32	Goblin packed (earlier)	sample	11438	40877994	1179236
full-20260908T190700Z	goblin-packed-int32-float32	Goblin packed (earlier)	sample	11739	42030079	1203680
full-20260908T190700Z	goblin-packed-int32-float32	Goblin packed (earlier)	sample	12040	43399746	1221064
full-20260908T190700Z	goblin-packed-int32-float32	Goblin packed (earlier)	sample	12341	44356275	1238552
full-20260908T190700Z	goblin-packed-int32-float32	Goblin packed (earlier)	sample	12642	45454655	1365508
full-20260908T190700Z	goblin-packed-int32-float32	Goblin packed (earlier)	sample	12943	46441706	1384100
full-20260908T190700Z	goblin-packed-int32-float32	Goblin packed (earlier)	sample	13244	47566815	1393768
full-20260908T190700Z	goblin-packed-int32-float32	Goblin packed (earlier)	sample	13545	48475921	1412844
full-20260908T190700Z	goblin-packed-int32-float32	Goblin packed (earlier)	sample	13846	49489683	1422692
full-20260908T190700Z	goblin-packed-int32-float32	Goblin packed (earlier)	sample	14147	50433155	1432648
full-20260908T190700Z	goblin-packed-int32-float32	Goblin packed (earlier)	sample	14448	51274673	1443200
full-20260908T190700Z	goblin-packed-int32-float32	Goblin packed (earlier)	sample	14749	52311631	1463460
full-20260908T190700Z	goblin-packed-int32-float32	Goblin packed (earlier)	sample	15050	53152639	1484488
full-20260908T190700Z	goblin-packed-int32-float32	Goblin packed (earlier)	sample	15351	54012575	1495200
full-20260908T190700Z	goblin-packed-int32-float32	Goblin packed (earlier)	sample	15652	54899658	1506104
full-20260908T190700Z	goblin-packed-int32-float32	Goblin packed (earlier)	sample	15953	55874787	1528216
full-20260908T190700Z	goblin-packed-int32-float32	Goblin packed (earlier)	sample	16254	56819514	1677072
full-20260908T190700Z	goblin-packed-int32-float32	Goblin packed (earlier)	sample	16555	57717383	1688640
full-20260908T190700Z	goblin-packed-int32-float32	Goblin packed (earlier)	sample	16856	58554903	1700300
full-20260908T190700Z	goblin-packed-int32-float32	Goblin packed (earlier)	sample	17157	59381859	1712124
full-20260908T190700Z	goblin-packed-int32-float32	Goblin packed (earlier)	sample	17458	60212520	1735396
full-20260908T190700Z	goblin-packed-int32-float32	Goblin packed (earlier)	sample	17759	61031974	1747340
full-20260908T190700Z	goblin-packed-int32-float32	Goblin packed (earlier)	sample	18060	62025384	1759852
full-20260908T190700Z	goblin-packed-int32-float32	Goblin packed (earlier)	sample	18361	62817281	1772156
full-20260908T190700Z	goblin-packed-int32-float32	Goblin packed (earlier)	sample	18662	63670920	1784668
full-20260908T190700Z	goblin-packed-int32-float32	Goblin packed (earlier)	sample	18963	64516000	1797712
full-20260908T190700Z	goblin-packed-int32-float32	Goblin packed (earlier)	sample	19264	65323829	1810660
full-20260908T190700Z	goblin-packed-int32-float32	Goblin packed (earlier)	sample	19565	66076833	1811208
full-20260908T190700Z	goblin-packed-int32-float32	Goblin packed (earlier)	sample	19866	66835929	1824220
full-20260908T190700Z	goblin-packed-int32-float32	Goblin packed (earlier)	sample	20167	67523846	1824624
full-20260908T190700Z	goblin-packed-int32-float32	Goblin packed (earlier)	sample	20468	68253130	1838048
full-20260908T190700Z	goblin-packed-int32-float32	Goblin packed (earlier)	sample	20769	68879473	1838588
full-20260908T190700Z	goblin-packed-int32-float32	Goblin packed (earlier)	sample	21070	69535474	1839148
full-20260908T190700Z	goblin-packed-int32-float32	Goblin packed (earlier)	sample	21371	70291333	1839684
full-20260908T190700Z	goblin-packed-int32-float32	Goblin packed (earlier)	sample	21672	71069674	2026940
full-20260908T190700Z	goblin-packed-int32-float32	Goblin packed (earlier)	sample	21973	71816755	2041448
full-20260908T190700Z	goblin-packed-int32-float32	Goblin packed (earlier)	sample	22274	72577050	2041860
full-20260908T190700Z	goblin-packed-int32-float32	Goblin packed (earlier)	sample	22575	73015016	2042556
full-20260908T190700Z	goblin-packed-int32-float32	Goblin packed (earlier)	sample	22876	73839791	2090356
full-20260908T190700Z	goblin-packed-int32-float32	Goblin packed (earlier)	sample	23177	74507084	2091040
full-20260908T190700Z	goblin-packed-int32-float32	Goblin packed (earlier)	sample	23478	75166774	2091584
full-20260908T190700Z	goblin-packed-int32-float32	Goblin packed (earlier)	sample	23779	75897312	2107044
full-20260908T190700Z	goblin-packed-int32-float32	Goblin packed (earlier)	sample	24080	76678985	2122572
full-20260908T190700Z	goblin-packed-int32-float32	Goblin packed (earlier)	sample	24381	77452798	2138284
full-20260908T190700Z	goblin-packed-int32-float32	Goblin packed (earlier)	sample	24682	78268409	2154184
full-20260908T190700Z	goblin-packed-int32-float32	Goblin packed (earlier)	sample	24983	79041133	2170624
full-20260908T190700Z	goblin-packed-int32-float32	Goblin packed (earlier)	sample	25284	79787075	2186976
full-20260908T190700Z	goblin-packed-int32-float32	Goblin packed (earlier)	sample	25585	80548494	2203604
full-20260908T190700Z	goblin-packed-int32-float32	Goblin packed (earlier)	sample	25682	80798328	2203728
full-20260908T190700Z	goblin-packed-int32-float32	Goblin packed (earlier)	final	25682.331	80798328	2203728
rle-full-20260922T035401Z	goblin-packed-int32-float32-rle-on	Goblin packed + RLE	sample	0	0	12140
rle-full-20260922T035401Z	goblin-packed-int32-float32-rle-on	Goblin packed + RLE	sample	301	1320523	40980
rle-full-20260922T035401Z	goblin-packed-int32-float32-rle-on	Goblin packed + RLE	sample	602	2327770	69136
rle-full-20260922T035401Z	goblin-packed-int32-float32-rle-on	Goblin packed + RLE	sample	903	3195919	83344
rle-full-20260922T035401Z	goblin-packed-int32-float32-rle-on	Goblin packed + RLE	sample	1204	4039563	99824
rle-full-20260922T035401Z	goblin-packed-int32-float32-rle-on	Goblin packed + RLE	sample	1505	4880886	123652
rle-full-20260922T035401Z	goblin-packed-int32-float32-rle-on	Goblin packed + RLE	sample	1806	5797392	149264
rle-full-20260922T035401Z	goblin-packed-int32-float32-rle-on	Goblin packed + RLE	sample	2107	6623164	154220
rle-full-20260922T035401Z	goblin-packed-int32-float32-rle-on	Goblin packed + RLE	sample	2408	7425840	182564
rle-full-20260922T035401Z	goblin-packed-int32-float32-rle-on	Goblin packed + RLE	sample	2710	8272456	202944
rle-full-20260922T035401Z	goblin-packed-int32-float32-rle-on	Goblin packed + RLE	sample	3011	9064447	234480
rle-full-20260922T035401Z	goblin-packed-int32-float32-rle-on	Goblin packed + RLE	sample	3312	9917009	234480
rle-full-20260922T035401Z	goblin-packed-int32-float32-rle-on	Goblin packed + RLE	sample	3613	10790486	240496
rle-full-20260922T035401Z	goblin-packed-int32-float32-rle-on	Goblin packed + RLE	sample	3914	11665756	280652
rle-full-20260922T035401Z	goblin-packed-int32-float32-rle-on	Goblin packed + RLE	sample	4215	12589226	282924
rle-full-20260922T035401Z	goblin-packed-int32-float32-rle-on	Goblin packed + RLE	sample	4516	13505097	290644
rle-full-20260922T035401Z	goblin-packed-int32-float32-rle-on	Goblin packed + RLE	sample	4817	14494841	346180
rle-full-20260922T035401Z	goblin-packed-int32-float32-rle-on	Goblin packed + RLE	sample	5118	15406219	346180
rle-full-20260922T035401Z	goblin-packed-int32-float32-rle-on	Goblin packed + RLE	sample	5419	16267326	355184
rle-full-20260922T035401Z	goblin-packed-int32-float32-rle-on	Goblin packed + RLE	sample	5720	17085372	358936
rle-full-20260922T035401Z	goblin-packed-int32-float32-rle-on	Goblin packed + RLE	sample	6022	17936982	447340
rle-full-20260922T035401Z	goblin-packed-int32-float32-rle-on	Goblin packed + RLE	sample	6323	18708521	447340
rle-full-20260922T035401Z	goblin-packed-int32-float32-rle-on	Goblin packed + RLE	sample	6624	19515901	447340
rle-full-20260922T035401Z	goblin-packed-int32-float32-rle-on	Goblin packed + RLE	sample	6925	20292277	447340
rle-full-20260922T035401Z	goblin-packed-int32-float32-rle-on	Goblin packed + RLE	sample	7226	21083601	459060
rle-full-20260922T035401Z	goblin-packed-int32-float32-rle-on	Goblin packed + RLE	sample	7527	21805008	459468
rle-full-20260922T035401Z	goblin-packed-int32-float32-rle-on	Goblin packed + RLE	sample	7828	22575902	547308
rle-full-20260922T035401Z	goblin-packed-int32-float32-rle-on	Goblin packed + RLE	sample	8129	23301525	547308
rle-full-20260922T035401Z	goblin-packed-int32-float32-rle-on	Goblin packed + RLE	sample	8430	24052609	547308
rle-full-20260922T035401Z	goblin-packed-int32-float32-rle-on	Goblin packed + RLE	sample	8731	24821812	551932
rle-full-20260922T035401Z	goblin-packed-int32-float32-rle-on	Goblin packed + RLE	sample	9033	25518921	561572
rle-full-20260922T035401Z	goblin-packed-int32-float32-rle-on	Goblin packed + RLE	sample	9334	26371212	562120
rle-full-20260922T035401Z	goblin-packed-int32-float32-rle-on	Goblin packed + RLE	sample	9635	27254558	573068
rle-full-20260922T035401Z	goblin-packed-int32-float32-rle-on	Goblin packed + RLE	sample	9936	28067908	578756
rle-full-20260922T035401Z	goblin-packed-int32-float32-rle-on	Goblin packed + RLE	sample	10237	28777277	678028
rle-full-20260922T035401Z	goblin-packed-int32-float32-rle-on	Goblin packed + RLE	sample	10538	29491669	678028
rle-full-20260922T035401Z	goblin-packed-int32-float32-rle-on	Goblin packed + RLE	sample	10839	30216709	678028
rle-full-20260922T035401Z	goblin-packed-int32-float32-rle-on	Goblin packed + RLE	sample	11140	30977944	684908
rle-full-20260922T035401Z	goblin-packed-int32-float32-rle-on	Goblin packed + RLE	sample	11441	31672719	685308
rle-full-20260922T035401Z	goblin-packed-int32-float32-rle-on	Goblin packed + RLE	sample	11743	32526913	691844
rle-full-20260922T035401Z	goblin-packed-int32-float32-rle-on	Goblin packed + RLE	sample	12044	33268077	704960
rle-full-20260922T035401Z	goblin-packed-int32-float32-rle-on	Goblin packed + RLE	sample	12345	33978955	743456
rle-full-20260922T035401Z	goblin-packed-int32-float32-rle-on	Goblin packed + RLE	sample	12646	34675601	750588
rle-full-20260922T035401Z	goblin-packed-int32-float32-rle-on	Goblin packed + RLE	sample	12947	35374400	751152
rle-full-20260922T035401Z	goblin-packed-int32-float32-rle-on	Goblin packed + RLE	sample	13248	35964038	845128
rle-full-20260922T035401Z	goblin-packed-int32-float32-rle-on	Goblin packed + RLE	sample	13549	36684480	852352
rle-full-20260922T035401Z	goblin-packed-int32-float32-rle-on	Goblin packed + RLE	sample	13850	37482799	859900
rle-full-20260922T035401Z	goblin-packed-int32-float32-rle-on	Goblin packed + RLE	sample	14151	38245507	867448
rle-full-20260922T035401Z	goblin-packed-int32-float32-rle-on	Goblin packed + RLE	sample	14453	38985821	875324
rle-full-20260922T035401Z	goblin-packed-int32-float32-rle-on	Goblin packed + RLE	sample	14754	39731833	883032
rle-full-20260922T035401Z	goblin-packed-int32-float32-rle-on	Goblin packed + RLE	sample	15055	40491678	891060
rle-full-20260922T035401Z	goblin-packed-int32-float32-rle-on	Goblin packed + RLE	sample	15356	41285034	899228
rle-full-20260922T035401Z	goblin-packed-int32-float32-rle-on	Goblin packed + RLE	sample	15657	42192871	907676
rle-full-20260922T035401Z	goblin-packed-int32-float32-rle-on	Goblin packed + RLE	sample	15958	43344199	924604
rle-full-20260922T035401Z	goblin-packed-int32-float32-rle-on	Goblin packed + RLE	sample	16259	43995370	925020
rle-full-20260922T035401Z	goblin-packed-int32-float32-rle-on	Goblin packed + RLE	sample	16560	44695541	1043448
rle-full-20260922T035401Z	goblin-packed-int32-float32-rle-on	Goblin packed + RLE	sample	16861	45543059	1052448
rle-full-20260922T035401Z	goblin-packed-int32-float32-rle-on	Goblin packed + RLE	sample	17162	46307116	1061596
rle-full-20260922T035401Z	goblin-packed-int32-float32-rle-on	Goblin packed + RLE	sample	17464	47171936	1061996
rle-full-20260922T035401Z	goblin-packed-int32-float32-rle-on	Goblin packed + RLE	sample	17765	47891931	1071492
rle-full-20260922T035401Z	goblin-packed-int32-float32-rle-on	Goblin packed + RLE	sample	18066	48573787	1071896
rle-full-20260922T035401Z	goblin-packed-int32-float32-rle-on	Goblin packed + RLE	sample	18367	49333057	1081512
rle-full-20260922T035401Z	goblin-packed-int32-float32-rle-on	Goblin packed + RLE	sample	18668	50044950	1091268
rle-full-20260922T035401Z	goblin-packed-int32-float32-rle-on	Goblin packed + RLE	sample	18969	50752914	1091812
rle-full-20260922T035401Z	goblin-packed-int32-float32-rle-on	Goblin packed + RLE	sample	19270	51352002	1102116
rle-full-20260922T035401Z	goblin-packed-int32-float32-rle-on	Goblin packed + RLE	sample	19571	52136008	1102524
rle-full-20260922T035401Z	goblin-packed-int32-float32-rle-on	Goblin packed + RLE	sample	19872	52811626	1112820
rle-full-20260922T035401Z	goblin-packed-int32-float32-rle-on	Goblin packed + RLE	sample	20174	53431344	1123236
rle-full-20260922T035401Z	goblin-packed-int32-float32-rle-on	Goblin packed + RLE	sample	20475	54073856	1123500
rle-full-20260922T035401Z	goblin-packed-int32-float32-rle-on	Goblin packed + RLE	sample	20776	54739927	1134344
rle-full-20260922T035401Z	goblin-packed-int32-float32-rle-on	Goblin packed + RLE	sample	21077	55443289	1134752
rle-full-20260922T035401Z	goblin-packed-int32-float32-rle-on	Goblin packed + RLE	sample	21378	56183813	1283388
rle-full-20260922T035401Z	goblin-packed-int32-float32-rle-on	Goblin packed + RLE	sample	21679	56882141	1283660
rle-full-20260922T035401Z	goblin-packed-int32-float32-rle-on	Goblin packed + RLE	sample	21980	57544811	1294916
rle-full-20260922T035401Z	goblin-packed-int32-float32-rle-on	Goblin packed + RLE	sample	22281	58196582	1295188
rle-full-20260922T035401Z	goblin-packed-int32-float32-rle-on	Goblin packed + RLE	sample	22582	58779671	1306652
rle-full-20260922T035401Z	goblin-packed-int32-float32-rle-on	Goblin packed + RLE	sample	22884	59433392	1306924
rle-full-20260922T035401Z	goblin-packed-int32-float32-rle-on	Goblin packed + RLE	sample	23185	60051665	1318748
rle-full-20260922T035401Z	goblin-packed-int32-float32-rle-on	Goblin packed + RLE	sample	23486	60667272	1319016
rle-full-20260922T035401Z	goblin-packed-int32-float32-rle-on	Goblin packed + RLE	sample	23787	61286413	1331004
rle-full-20260922T035401Z	goblin-packed-int32-float32-rle-on	Goblin packed + RLE	sample	24088	62071145	1331544
rle-full-20260922T035401Z	goblin-packed-int32-float32-rle-on	Goblin packed + RLE	sample	24389	62664844	1343676
rle-full-20260922T035401Z	goblin-packed-int32-float32-rle-on	Goblin packed + RLE	sample	24690	63228676	1344084
rle-full-20260922T035401Z	goblin-packed-int32-float32-rle-on	Goblin packed + RLE	sample	24991	63938215	1356492
rle-full-20260922T035401Z	goblin-packed-int32-float32-rle-on	Goblin packed + RLE	sample	25292	64535792	1356892
rle-full-20260922T035401Z	goblin-packed-int32-float32-rle-on	Goblin packed + RLE	sample	25594	65152058	1369572
rle-full-20260922T035401Z	goblin-packed-int32-float32-rle-on	Goblin packed + RLE	sample	25895	65680810	1369844
rle-full-20260922T035401Z	goblin-packed-int32-float32-rle-on	Goblin packed + RLE	sample	26196	66273549	1370108
rle-full-20260922T035401Z	goblin-packed-int32-float32-rle-on	Goblin packed + RLE	sample	26497	66836771	1370512
rle-full-20260922T035401Z	goblin-packed-int32-float32-rle-on	Goblin packed + RLE	sample	26798	67332386	1370784
rle-full-20260922T035401Z	goblin-packed-int32-float32-rle-on	Goblin packed + RLE	sample	27099	67853196	1371052
rle-full-20260922T035401Z	goblin-packed-int32-float32-rle-on	Goblin packed + RLE	sample	27400	68371355	1384272
rle-full-20260922T035401Z	goblin-packed-int32-float32-rle-on	Goblin packed + RLE	sample	27701	68862495	1384668
rle-full-20260922T035401Z	goblin-packed-int32-float32-rle-on	Goblin packed + RLE	sample	28003	69366059	1385092
rle-full-20260922T035401Z	goblin-packed-int32-float32-rle-on	Goblin packed + RLE	sample	28304	69907135	1385500
rle-full-20260922T035401Z	goblin-packed-int32-float32-rle-on	Goblin packed + RLE	sample	28605	70476438	1559004
rle-full-20260922T035401Z	goblin-packed-int32-float32-rle-on	Goblin packed + RLE	sample	28906	71059228	1559408
rle-full-20260922T035401Z	goblin-packed-int32-float32-rle-on	Goblin packed + RLE	sample	29207	71617771	1573528
rle-full-20260922T035401Z	goblin-packed-int32-float32-rle-on	Goblin packed + RLE	sample	29508	72203605	1573800
rle-full-20260922T035401Z	goblin-packed-int32-float32-rle-on	Goblin packed + RLE	sample	29809	72696032	1574208
rle-full-20260922T035401Z	goblin-packed-int32-float32-rle-on	Goblin packed + RLE	sample	30110	72984886	1574756
rle-full-20260922T035401Z	goblin-packed-int32-float32-rle-on	Goblin packed + RLE	sample	30411	73588601	1638656
rle-full-20260922T035401Z	goblin-packed-int32-float32-rle-on	Goblin packed + RLE	sample	30713	74107733	1639080
rle-full-20260922T035401Z	goblin-packed-int32-float32-rle-on	Goblin packed + RLE	sample	31014	74644791	1654176
rle-full-20260922T035401Z	goblin-packed-int32-float32-rle-on	Goblin packed + RLE	sample	31315	75121801	1654456
rle-full-20260922T035401Z	goblin-packed-int32-float32-rle-on	Goblin packed + RLE	sample	31616	75636936	1655000
rle-full-20260922T035401Z	goblin-packed-int32-float32-rle-on	Goblin packed + RLE	sample	31917	76243704	1655400
rle-full-20260922T035401Z	goblin-packed-int32-float32-rle-on	Goblin packed + RLE	sample	32218	76812405	1670976
rle-full-20260922T035401Z	goblin-packed-int32-float32-rle-on	Goblin packed + RLE	sample	32519	77348394	1671244
rle-full-20260922T035401Z	goblin-packed-int32-float32-rle-on	Goblin packed + RLE	sample	32820	77992228	1687216
rle-full-20260922T035401Z	goblin-packed-int32-float32-rle-on	Goblin packed + RLE	sample	33122	78534994	1687492
rle-full-20260922T035401Z	goblin-packed-int32-float32-rle-on	Goblin packed + RLE	sample	33423	79121034	1687896
rle-full-20260922T035401Z	goblin-packed-int32-float32-rle-on	Goblin packed + RLE	sample	33724	79687288	1703964
rle-full-20260922T035401Z	goblin-packed-int32-float32-rle-on	Goblin packed + RLE	sample	34025	80247482	1704380
rle-full-20260922T035401Z	goblin-packed-int32-float32-rle-on	Goblin packed + RLE	sample	34322	80798328	1704784
rle-full-20260922T035401Z	goblin-packed-int32-float32-rle-on	Goblin packed + RLE	final	34322.285	80798328	1704784
