elapsed_seconds	os_rss_kb	used_memory_rss_bytes	zcard	utc
0	10524	10776576	0	2026-09-08T19:14:27Z
301	110556	113217536	1549405	2026-09-08T19:19:28Z
602	193928	198582272	2717195	2026-09-08T19:24:29Z
903	255724	261861376	3734695	2026-09-08T19:29:30Z
1204	345284	353574912	4721773	2026-09-08T19:34:31Z
1505	404708	414429184	5819242	2026-09-08T19:39:32Z
1806	465024	476184576	6799751	2026-09-08T19:44:33Z
2107	526472	539107328	7785407	2026-09-08T19:49:34Z
2408	649044	664625152	8748738	2026-09-08T19:54:35Z
2709	700504	717316096	9720518	2026-09-08T19:59:36Z
3010	756276	774430720	10773947	2026-09-08T20:04:37Z
3311	816436	836030464	11831732	2026-09-08T20:09:38Z
3612	883696	904904704	12927777	2026-09-08T20:14:39Z
3913	955508	978440192	14087618	2026-09-08T20:19:40Z
4214	1020472	1044967424	15129759	2026-09-08T20:24:41Z
4515	1085164	1111207936	16160847	2026-09-08T20:29:42Z
4816	1403740	1437429760	17109754	2026-09-08T20:34:43Z
5117	1325696	1357512704	18111236	2026-09-08T20:39:44Z
5418	1373704	1406672896	19017609	2026-09-08T20:44:45Z
5719	1423420	1457582080	19956544	2026-09-08T20:49:46Z
6020	1472112	1507442688	20875934	2026-09-08T20:54:47Z
6321	1517660	1554083840	21736073	2026-09-08T20:59:48Z
6622	1564044	1601581056	22611853	2026-09-08T21:04:49Z
6923	1616356	1655148544	23472601	2026-09-08T21:09:50Z
7224	1670368	1710456832	24355588	2026-09-08T21:14:51Z
7525	1722704	1764048896	25207923	2026-09-08T21:19:52Z
7826	1779584	1822294016	26131814	2026-09-08T21:24:53Z
8127	1841320	1885511680	27130728	2026-09-08T21:29:54Z
8428	1901256	1946886144	28097238	2026-09-08T21:34:55Z
8729	1952100	1998954496	28914736	2026-09-08T21:39:56Z
9030	2005648	2053787648	29773493	2026-09-08T21:44:57Z
9331	2059260	2108694528	30631027	2026-09-08T21:49:58Z
9632	2110300	2160955392	31444937	2026-09-08T21:54:59Z
9933	2168768	2220826624	32374900	2026-09-08T22:00:00Z
10234	2226968	2280419328	33298382	2026-09-08T22:05:01Z
10535	2795200	2862284800	34078823	2026-09-08T22:10:02Z
10836	2576488	2638323712	34899183	2026-09-08T22:15:03Z
11137	2618016	2680848384	35683298	2026-09-08T22:20:04Z
11438	2657048	2720817152	36420153	2026-09-08T22:25:05Z
11739	2704304	2769207296	37312117	2026-09-08T22:30:06Z
12040	2750936	2816962560	38192859	2026-09-08T22:35:07Z
12341	2796672	2863792128	39056582	2026-09-08T22:40:08Z
12642	2843220	2911461376	39935431	2026-09-08T22:45:09Z
12943	2888424	2957746176	40788921	2026-09-08T22:50:10Z
13244	2941532	3012128768	41791813	2026-09-08T22:55:11Z
13545	3013388	3085713408	43148498	2026-09-08T23:00:12Z
13846	3054416	3127721984	43923456	2026-09-08T23:05:13Z
14147	3097856	3172208640	44743590	2026-09-08T23:10:14Z
14448	3152568	3228229632	45711346	2026-09-08T23:15:15Z
14749	3205568	3282501632	46580325	2026-09-08T23:20:16Z
15050	3264568	3342917632	47545835	2026-09-08T23:25:17Z
15351	3311192	3390660608	48307840	2026-09-08T23:30:18Z
15652	3364596	3445350400	49178938	2026-09-08T23:35:19Z
15953	3413308	3495227392	49972436	2026-09-08T23:40:20Z
16254	3462564	3545665536	50773640	2026-09-08T23:45:21Z
16555	3505760	3589898240	51475307	2026-09-08T23:50:22Z
16856	3561864	3647348736	52385209	2026-09-08T23:55:23Z
17157	3605356	3691884544	53089546	2026-09-09T00:00:24Z
17458	3649912	3737513984	53810297	2026-09-09T00:05:25Z
17759	3698140	3786903552	54589577	2026-09-09T00:10:26Z
18060	3746036	3835944960	55362254	2026-09-09T00:15:27Z
18361	3797232	3888365568	56186668	2026-09-09T00:20:28Z
18662	3846584	3938906112	56980893	2026-09-09T00:25:29Z
18963	3893304	3986743296	57731222	2026-09-09T00:30:30Z
19264	3937416	4031913984	58439449	2026-09-09T00:35:31Z
19565	3980876	4076417024	59135792	2026-09-09T00:40:32Z
19866	4024060	4120637440	59827127	2026-09-09T00:45:33Z
20167	4067648	4165275648	60524393	2026-09-09T00:50:34Z
20468	4111420	4210098176	61223708	2026-09-09T00:55:35Z
20769	4165792	4265771008	62091412	2026-09-09T01:00:36Z
21070	4207672	4308656128	62758633	2026-09-09T01:05:37Z
21371	4249052	4351029248	63417725	2026-09-09T01:10:38Z
21672	4297984	4401139712	64195816	2026-09-09T01:15:39Z
21973	4340240	4444405760	64867496	2026-09-09T01:20:40Z
22274	4380752	4485890048	65510589	2026-09-09T01:25:41Z
22575	4420472	4526563328	66140967	2026-09-09T01:30:42Z
22876	4459728	4566761472	66762589	2026-09-09T01:35:43Z
23177	5541992	5674999808	67331584	2026-09-09T01:40:44Z
23478	5573680	5707448320	67930275	2026-09-09T01:45:45Z
23779	5600876	5735297024	68443752	2026-09-09T01:50:46Z
24080	5105944	5228486656	68998158	2026-09-09T01:55:47Z
24381	5134460	5257687040	69536474	2026-09-09T02:00:48Z
24682	5167220	5291233280	70154866	2026-09-09T02:05:49Z
24983	5200560	5325373440	70784386	2026-09-09T02:10:50Z
25284	5236188	5361856512	71457450	2026-09-09T02:15:51Z
25585	5270220	5396705280	72100019	2026-09-09T02:20:52Z
25886	5300868	5428088832	72678857	2026-09-09T02:25:53Z
26187	5318444	5446086656	73011061	2026-09-09T02:30:54Z
26488	5355064	5483589632	73702028	2026-09-09T02:35:55Z
26789	5380532	5509668864	74182829	2026-09-09T02:40:56Z
27090	5408572	5538377728	74712185	2026-09-09T02:45:57Z
27391	5432840	5563232256	75170558	2026-09-09T02:50:58Z
27692	5459472	5590503424	75673176	2026-09-09T02:55:59Z
27993	5491152	5622939648	76271162	2026-09-09T03:01:00Z
28294	5521744	5654265856	76848563	2026-09-09T03:06:01Z
28595	5551956	5685202944	77418852	2026-09-09T03:11:02Z
28896	5585192	5719236608	78046348	2026-09-09T03:16:03Z
29197	5613524	5748248576	78581208	2026-09-09T03:21:04Z
29498	5645180	5780664320	79179007	2026-09-09T03:26:05Z
29799	5674224	5810405376	79727433	2026-09-09T03:31:06Z
30100	5705380	5842309120	80315602	2026-09-09T03:36:07Z
30341	5730936	5868478464	80798328	2026-09-09T03:40:08Z
